ApplicantIncome,CoapplicantIncome,LoanAmount,Credit_History,Gender,Married,Education,Self_Employed,Property_Area,Loan_Status,Approval_Probability,Risk_Score,Risk_Level_ML,Total_Income,Income_Band,Predicted_Status
4583,1508.0,128.0,1.0,1,1,0,0,0,0,0.8456857362928364,0.1543142637071636,Low Risk,6091.0,High,1
3000,0.0,66.0,1.0,1,1,0,1,2,1,0.8330500453345874,0.16694995466541263,Low Risk,3000.0,Medium,1
2583,2358.0,120.0,1.0,1,1,1,0,2,1,0.8181102551213613,0.18188974487863874,Low Risk,4941.0,Medium,1
6000,0.0,141.0,1.0,1,0,0,0,2,1,0.7421915249266982,0.25780847507330185,Low Risk,6000.0,High,1
5417,4196.0,267.0,1.0,1,1,0,1,2,1,0.7412144749387942,0.2587855250612058,Low Risk,9613.0,Very High,1
2333,1516.0,95.0,1.0,1,1,1,0,2,1,0.830498668591901,0.16950133140809898,Low Risk,3849.0,Medium,1
3036,2504.0,158.0,0.0,1,1,0,0,1,0,0.15658764337768377,0.8434123566223162,High Risk,5540.0,High,0
4006,1526.0,168.0,1.0,1,1,0,0,2,1,0.8323039946509107,0.16769600534908935,Low Risk,5532.0,High,1
12841,10968.0,349.0,1.0,1,1,0,0,1,0,0.697331585566275,0.30266841443372505,Medium Risk,23809.0,,1
3200,700.0,70.0,1.0,1,1,0,0,2,1,0.8594207818954201,0.14057921810457985,Low Risk,3900.0,Medium,1
3073,8106.0,200.0,1.0,1,1,0,0,2,1,0.7699349879887943,0.23006501201120566,Low Risk,11179.0,,1
1853,2840.0,114.0,1.0,1,0,0,0,0,0,0.7273091005553036,0.2726908994446964,Low Risk,4693.0,Medium,1
1299,1086.0,17.0,1.0,1,1,0,0,2,1,0.8674298518156185,0.1325701481843815,Low Risk,2385.0,Low,1
4950,0.0,125.0,1.0,1,0,0,0,2,1,0.7471076707079417,0.2528923292920583,Low Risk,4950.0,Medium,1
3510,0.0,76.0,0.0,0,0,0,0,2,0,0.09414051544972481,0.9058594845502752,High Risk,3510.0,Medium,0
4887,0.0,133.0,1.0,1,1,1,0,0,0,0.8368527079270672,0.16314729207293277,Low Risk,4887.0,Medium,1
7660,0.0,104.0,0.0,1,1,1,0,2,0,0.16700910190328244,0.8329908980967176,High Risk,7660.0,Very High,0
5955,5625.0,315.0,1.0,1,1,0,0,2,1,0.7582936140919053,0.24170638590809468,Low Risk,11580.0,,1
2600,1911.0,116.0,0.0,1,1,1,0,1,0,0.1521392173065201,0.8478607826934799,High Risk,4511.0,Medium,0
9560,0.0,191.0,1.0,1,1,0,1,1,1,0.8049916365619173,0.1950083634380827,Low Risk,9560.0,Very High,1
2799,2253.0,122.0,1.0,1,1,0,0,1,1,0.8397086713592881,0.16029132864071194,Low Risk,5052.0,High,1
4226,1040.0,110.0,1.0,1,1,1,0,2,1,0.8307044354816004,0.16929556451839955,Low Risk,5266.0,High,1
1442,0.0,35.0,1.0,1,0,1,0,2,0,0.7495754566858464,0.25042454331415365,Low Risk,1442.0,Low,1
3167,0.0,74.0,1.0,1,0,0,0,2,0,0.7627427050323977,0.23725729496760228,Low Risk,3167.0,Medium,1
4692,0.0,106.0,1.0,1,0,0,1,0,0,0.710718719845465,0.289281280154535,Low Risk,4692.0,Medium,1
3500,1667.0,114.0,1.0,1,1,0,0,1,1,0.8456360625603039,0.15436393743969612,Low Risk,5167.0,High,1
12500,3000.0,320.0,1.0,1,0,0,0,0,0,0.653852070941307,0.34614792905869296,Medium Risk,15500.0,,1
1828,1330.0,100.0,0.0,1,1,0,0,2,0,0.17641192126586117,0.8235880787341389,High Risk,3158.0,Medium,0
3667,1459.0,144.0,1.0,0,1,0,0,1,1,0.8172122453915928,0.18278775460840724,Low Risk,5126.0,High,1
4166,7210.0,184.0,1.0,1,0,0,0,2,1,0.6481525731562849,0.35184742684371506,Medium Risk,11376.0,,1
3748,1668.0,110.0,1.0,1,0,1,0,1,1,0.7110452542445934,0.2889547457554066,Low Risk,5416.0,High,1
3600,0.0,80.0,1.0,1,0,0,0,2,0,0.7609933114881161,0.2390066885118839,Low Risk,3600.0,Medium,1
1800,1213.0,47.0,1.0,1,0,0,0,2,1,0.7594364739884895,0.24056352601151054,Low Risk,3013.0,Medium,1
3941,2336.0,134.0,1.0,1,1,0,0,1,1,0.8365642580522687,0.16343574194773125,Low Risk,6277.0,High,1
4695,0.0,96.0,1.0,1,1,1,1,2,1,0.8058040963385439,0.19419590366145612,Low Risk,4695.0,Medium,1
3410,0.0,88.0,1.0,0,0,0,0,2,1,0.7273578581267367,0.2726421418732633,Low Risk,3410.0,Medium,1
5649,0.0,44.0,1.0,1,1,0,0,2,1,0.8692239425537978,0.13077605744620224,Low Risk,5649.0,High,1
5821,0.0,144.0,1.0,1,1,0,0,2,1,0.8486266011650154,0.15137339883498457,Low Risk,5821.0,High,1
2645,3440.0,120.0,0.0,0,1,0,0,2,0,0.1364262704906342,0.8635737295093658,High Risk,6085.0,High,0
4000,2275.0,144.0,1.0,0,0,0,0,1,1,0.6865924711038707,0.31340752889612933,Medium Risk,6275.0,High,1
1928,1644.0,100.0,1.0,0,1,1,0,1,1,0.8061430696062877,0.19385693039371232,Low Risk,3572.0,Medium,1
3086,0.0,120.0,1.0,0,0,0,0,1,1,0.7192762135428477,0.28072378645715235,Low Risk,3086.0,Medium,1
4230,0.0,112.0,1.0,0,0,0,0,1,0,0.7223324514164443,0.2776675485835557,Low Risk,4230.0,Medium,1
4616,0.0,134.0,1.0,1,1,0,0,2,0,0.850596391603769,0.149403608396231,Low Risk,4616.0,Medium,1
11500,0.0,286.0,0.0,0,1,0,1,2,0,0.10109911642332245,0.8989008835766775,High Risk,11500.0,,0
2708,1167.0,97.0,1.0,1,1,0,0,1,1,0.8525057442083858,0.14749425579161424,Low Risk,3875.0,Medium,1
2132,1591.0,96.0,1.0,1,1,0,0,1,1,0.8498617954233568,0.15013820457664317,Low Risk,3723.0,Medium,1
3366,2200.0,135.0,1.0,1,1,0,0,0,0,0.8391610884332393,0.16083891156676067,Low Risk,5566.0,High,1
8080,2250.0,180.0,1.0,1,1,0,0,2,1,0.8248964803232289,0.17510351967677107,Low Risk,10330.0,,1
3357,2859.0,144.0,1.0,1,1,1,0,2,1,0.8081404883608391,0.19185951163916093,Low Risk,6216.0,High,1
2500,3796.0,120.0,1.0,1,1,0,0,2,1,0.8270885891163896,0.1729114108836104,Low Risk,6296.0,High,1
3029,0.0,99.0,1.0,1,1,0,0,2,1,0.8577596004935711,0.14224039950642886,Low Risk,3029.0,Medium,1
2609,3449.0,165.0,0.0,1,1,1,1,0,0,0.10798126118612437,0.8920187388138756,High Risk,6058.0,High,0
4166,0.0,116.0,0.0,0,0,0,0,1,0,0.08974180079228777,0.9102581992077122,High Risk,4166.0,Medium,0
5726,4595.0,258.0,1.0,1,1,0,0,1,0,0.7871397165258934,0.21286028347410657,Low Risk,10321.0,,1
3200,2254.0,126.0,0.0,1,0,1,0,2,0,0.08030331031739275,0.9196966896826072,High Risk,5454.0,High,0
10750,0.0,312.0,1.0,1,1,0,0,2,1,0.8090948195434151,0.1909051804565849,Low Risk,10750.0,,1
7100,0.0,125.0,1.0,1,1,1,1,2,1,0.7984749850388102,0.2015250149611898,Low Risk,7100.0,High,1
4300,0.0,136.0,0.0,0,0,0,0,1,0,0.08700969115959431,0.9129903088404057,High Risk,4300.0,Medium,0
3208,3066.0,172.0,1.0,1,1,0,0,2,1,0.8197969672490745,0.18020303275092553,Low Risk,6274.0,High,1
1875,1875.0,97.0,1.0,1,1,1,1,1,1,0.7917757470745292,0.20822425292547075,Low Risk,3750.0,Medium,1
3500,0.0,81.0,1.0,1,0,0,0,1,1,0.7633076605058308,0.23669233949416923,Low Risk,3500.0,Medium,1
4755,0.0,95.0,0.0,1,1,1,0,1,0,0.1706600575926375,0.8293399424073625,High Risk,4755.0,Medium,0
5266,1774.0,187.0,1.0,1,1,0,1,1,1,0.7904421880052843,0.20955781199471568,Low Risk,7040.0,High,1
3750,0.0,113.0,1.0,1,0,0,0,2,0,0.7506493457225374,0.2493506542774626,Low Risk,3750.0,Medium,1
3750,4750.0,176.0,1.0,1,0,0,0,2,0,0.6792821659416154,0.3207178340583846,Medium Risk,8500.0,Very High,1
1000,3022.0,110.0,1.0,1,1,0,1,2,0,0.7980768858749709,0.20192311412502906,Low Risk,4022.0,Medium,1
3167,4000.0,180.0,0.0,1,1,0,0,1,0,0.14208508464777625,0.8579149153522238,High Risk,7167.0,High,0
3846,0.0,111.0,1.0,0,0,0,0,1,1,0.7225700602587519,0.2774299397412481,Low Risk,3846.0,Medium,1
1378,1881.0,167.0,1.0,0,1,0,0,2,0,0.8051756886505745,0.19482431134942546,Low Risk,3259.0,Medium,1
3988,0.0,50.0,1.0,1,1,0,0,2,1,0.8677990907257579,0.1322009092742421,Low Risk,3988.0,Medium,1
2366,2531.0,136.0,1.0,1,0,0,0,1,1,0.7202054382360554,0.27979456176394457,Low Risk,4897.0,Medium,1
2500,2118.0,104.0,1.0,1,1,0,0,1,1,0.8446555212365983,0.15534447876340174,Low Risk,4618.0,Medium,1
8566,0.0,210.0,1.0,1,0,0,0,2,1,0.7197524857068073,0.2802475142931927,Low Risk,8566.0,Very High,1
5695,4167.0,175.0,1.0,1,1,0,0,1,1,0.8132439855824678,0.1867560144175322,Low Risk,9862.0,Very High,1
2958,2900.0,131.0,1.0,1,1,0,0,1,1,0.8330878274379564,0.1669121725620436,Low Risk,5858.0,High,1
6250,5654.0,188.0,1.0,1,1,0,0,1,1,0.7979239221441485,0.20207607785585147,Low Risk,11904.0,,1
3273,1820.0,81.0,1.0,1,1,1,0,2,1,0.831833231962648,0.16816676803735198,Low Risk,5093.0,High,1
4133,0.0,122.0,1.0,1,0,0,0,1,1,0.7506086473415439,0.24939135265845613,Low Risk,4133.0,Medium,1
3620,0.0,25.0,1.0,1,0,1,0,1,1,0.7560146149902991,0.2439853850097009,Low Risk,3620.0,Medium,1
2484,2302.0,137.0,1.0,0,1,0,0,1,1,0.8122299993191704,0.1877700006808296,Low Risk,4786.0,Medium,1
1977,997.0,50.0,1.0,1,1,0,0,1,1,0.8632164332081323,0.13678356679186765,Low Risk,2974.0,Medium,1
4188,0.0,115.0,1.0,1,1,1,0,1,1,0.8389082572401813,0.16109174275981875,Low Risk,4188.0,Medium,1
1759,3541.0,131.0,1.0,1,1,0,0,1,1,0.8282242098657606,0.17177579013423938,Low Risk,5300.0,High,1
4288,3263.0,133.0,1.0,1,1,1,0,2,1,0.8080230359191792,0.19197696408082077,Low Risk,7551.0,Very High,1
4843,3806.0,151.0,1.0,1,0,0,0,1,1,0.7021826087292714,0.2978173912707286,Low Risk,8649.0,Very High,1
3052,1030.0,100.0,1.0,1,1,0,0,2,1,0.8509635288885168,0.14903647111148322,Low Risk,4082.0,Medium,1
11417,1126.0,225.0,1.0,1,1,0,0,2,1,0.8228050431307444,0.17719495686925557,Low Risk,12543.0,,1
3800,3600.0,216.0,0.0,1,1,0,0,2,0,0.1355636214611174,0.8644363785388827,High Risk,7400.0,High,0
2071,754.0,94.0,1.0,1,1,1,0,1,1,0.8381189266561716,0.1618810733438284,Low Risk,2825.0,Medium,1
5316,0.0,136.0,1.0,1,0,0,0,2,1,0.7436426758539671,0.25635732414603285,Low Risk,5316.0,High,1
3572,4114.0,152.0,0.0,1,1,1,0,0,0,0.13277664736205175,0.8672233526379483,High Risk,7686.0,Very High,0
14583,0.0,185.0,1.0,1,1,0,0,0,1,0.8448869224114025,0.1551130775885975,Low Risk,14583.0,,1
3167,2283.0,154.0,1.0,0,1,0,0,1,1,0.8080650225431236,0.19193497745687638,Low Risk,5450.0,High,1
5568,2142.0,175.0,1.0,1,1,0,0,0,0,0.830583857848107,0.16941614215189305,Low Risk,7710.0,Very High,1
10408,0.0,259.0,1.0,0,0,0,0,2,1,0.6680135665597042,0.33198643344029577,Medium Risk,10408.0,,1
5667,2667.0,180.0,1.0,1,1,0,0,0,1,0.8255468990444677,0.17445310095553235,Low Risk,8334.0,Very High,1
4166,0.0,44.0,1.0,0,0,0,0,1,1,0.7449579021311528,0.25504209786884724,Low Risk,4166.0,Medium,1
2137,8980.0,137.0,0.0,0,0,0,0,1,1,0.05641187740220599,0.943588122597794,High Risk,11117.0,,0
2957,0.0,81.0,1.0,1,1,0,0,1,1,0.8631851816737351,0.13681481832626485,Low Risk,2957.0,Medium,1
4300,2014.0,194.0,1.0,1,1,1,0,0,1,0.8063814352251514,0.19361856477484862,Low Risk,6314.0,High,1
10513,3850.0,160.0,0.0,1,1,0,1,2,0,0.11851596414370368,0.8814840358562963,High Risk,14363.0,,0
2014,1929.0,74.0,1.0,1,0,0,0,2,1,0.7440341430077192,0.2559658569922808,Low Risk,3943.0,Medium,1
2718,0.0,70.0,1.0,1,0,0,0,1,1,0.7664895142515822,0.23351048574841782,Low Risk,2718.0,Medium,1
3459,0.0,25.0,1.0,1,1,0,1,1,1,0.8445557846423205,0.1554442153576795,Low Risk,3459.0,Medium,1
4895,0.0,102.0,1.0,1,0,0,0,1,1,0.7571262055041313,0.24287379449586866,Low Risk,4895.0,Medium,1
4000,7750.0,290.0,1.0,1,1,0,0,1,0,0.7481328111560839,0.2518671888439161,Low Risk,11750.0,,1
4583,0.0,84.0,1.0,0,1,0,0,0,0,0.8443182385056918,0.15568176149430824,Low Risk,4583.0,Medium,1
3316,3500.0,88.0,1.0,1,1,0,1,2,1,0.8006534533450617,0.19934654665493834,Low Risk,6816.0,High,1
14999,0.0,242.0,0.0,1,0,0,0,1,0,0.08675226931344354,0.9132477306865565,High Risk,14999.0,,0
4200,1430.0,129.0,1.0,1,1,1,0,0,0,0.8274077809433252,0.17259221905667477,Low Risk,5630.0,High,1
5042,2083.0,185.0,1.0,1,1,0,0,0,0,0.828501528430282,0.17149847156971798,Low Risk,7125.0,High,1
5417,0.0,168.0,1.0,1,0,0,0,2,1,0.733132127282601,0.266867872717399,Low Risk,5417.0,High,1
6950,0.0,175.0,1.0,1,0,0,1,1,1,0.6834553502659009,0.3165446497340991,Medium Risk,6950.0,High,1
2698,2034.0,122.0,1.0,1,1,0,0,1,1,0.8412000626283705,0.15879993737162945,Low Risk,4732.0,Medium,1
11757,0.0,187.0,1.0,1,1,0,0,2,1,0.8400498877199192,0.15995011228008083,Low Risk,11757.0,,1
2330,4486.0,100.0,1.0,0,1,0,0,1,1,0.8045773020084372,0.19542269799156275,Low Risk,6816.0,High,1
14866,0.0,70.0,1.0,0,1,0,0,2,1,0.8454416305003387,0.15455836949966129,Low Risk,14866.0,,1
1538,1425.0,30.0,1.0,1,1,0,0,2,1,0.8628488330637818,0.1371511669362182,Low Risk,2963.0,Medium,1
10000,1666.0,225.0,1.0,0,0,0,0,0,0,0.6682294203351001,0.33177057966489987,Medium Risk,11666.0,,1
4860,830.0,125.0,1.0,1,1,0,0,1,1,0.8490148893242282,0.1509851106757718,Low Risk,5690.0,High,1
6277,0.0,118.0,0.0,1,0,0,0,0,0,0.10529223772321249,0.8947077622767875,High Risk,6277.0,High,0
2577,3750.0,152.0,1.0,1,1,0,1,0,1,0.785268783980032,0.21473121601996803,Low Risk,6327.0,High,1
9166,0.0,244.0,1.0,1,0,0,0,2,0,0.7080813823408274,0.2919186176591726,Low Risk,9166.0,Very High,1
2281,0.0,113.0,1.0,1,1,1,0,0,0,0.8409833124848984,0.15901668751510156,Low Risk,2281.0,Low,1
3254,0.0,50.0,1.0,1,0,0,0,2,1,0.7700879630826416,0.2299120369173584,Low Risk,3254.0,Medium,1
39999,0.0,600.0,0.0,1,1,0,0,1,1,0.0946115739661237,0.9053884260338763,High Risk,39999.0,,0
9538,0.0,187.0,1.0,1,1,0,0,2,1,0.8396458858563868,0.16035411414361322,Low Risk,9538.0,Very High,1
4583,5625.0,255.0,1.0,1,1,0,0,1,1,0.7787477079652196,0.22125229203478036,Low Risk,10208.0,,1
1863,1041.0,98.0,1.0,1,1,1,0,1,1,0.835131693837439,0.16486830616256098,Low Risk,2904.0,Medium,1
7933,0.0,275.0,1.0,1,1,0,0,2,0,0.8180814494427892,0.18191855055721085,Low Risk,7933.0,Very High,1
3089,1280.0,121.0,0.0,1,1,0,0,1,0,0.17396766238661382,0.8260323376133862,High Risk,4369.0,Medium,0
4167,1447.0,158.0,1.0,1,1,0,0,0,1,0.8392402932949894,0.1607597067050106,Low Risk,5614.0,High,1
9323,0.0,75.0,1.0,1,1,0,0,2,1,0.863684975108006,0.13631502489199399,Low Risk,9323.0,Very High,1
3707,3166.0,182.0,1.0,1,1,0,0,0,1,0.82093181079258,0.17906818920741996,Low Risk,6873.0,High,1
4583,0.0,112.0,1.0,0,1,0,0,0,0,0.837940266818233,0.16205973318176703,Low Risk,4583.0,Medium,1
2439,3333.0,129.0,1.0,1,1,0,0,0,1,0.8323988219694669,0.1676011780305331,Low Risk,5772.0,High,1
2237,0.0,63.0,0.0,1,0,0,0,1,0,0.1124385932371902,0.8875614067628098,High Risk,2237.0,Low,0
8000,0.0,200.0,1.0,1,1,0,0,1,1,0.8383441288739275,0.1616558711260725,Low Risk,8000.0,Very High,1
3522,0.0,81.0,1.0,1,1,1,0,0,0,0.848359940672062,0.151640059327938,Low Risk,3522.0,Medium,1
5708,5625.0,187.0,1.0,1,1,0,0,1,1,0.7983206139146618,0.2016793860853382,Low Risk,11333.0,,1
4344,736.0,87.0,1.0,1,1,1,1,1,0,0.8044919839695355,0.19550801603046453,Low Risk,5080.0,High,1
3497,1964.0,116.0,1.0,1,1,0,0,0,1,0.8451033040133413,0.15489669598665867,Low Risk,5461.0,High,1
2045,1619.0,101.0,1.0,1,1,0,0,0,1,0.8504383808497438,0.14956161915025623,Low Risk,3664.0,Medium,1
5516,11300.0,495.0,0.0,1,1,0,0,1,0,0.06254956377145461,0.9374504362285454,High Risk,16816.0,,0
3750,0.0,116.0,1.0,1,1,0,0,1,1,0.8561170743787193,0.1438829256212807,Low Risk,3750.0,Medium,1
2333,1451.0,102.0,0.0,1,0,1,0,2,0,0.08649447110023202,0.913505528899768,High Risk,3784.0,Medium,0
6400,7250.0,180.0,0.0,1,1,0,0,2,0,0.12181050075114802,0.8781894992488519,High Risk,13650.0,,0
4600,0.0,73.0,1.0,1,1,0,0,1,1,0.8650476818176743,0.13495231818232567,Low Risk,4600.0,Medium,1
33846,0.0,260.0,1.0,1,1,0,0,1,0,0.8290143248963996,0.1709856751036004,Low Risk,33846.0,,1
3625,0.0,108.0,1.0,0,1,0,0,1,1,0.8367027958589529,0.1632972041410471,Low Risk,3625.0,Medium,1
39147,4750.0,120.0,1.0,1,1,0,1,1,1,0.7916128871382373,0.2083871128617627,Low Risk,43897.0,,1
2178,0.0,66.0,0.0,1,1,0,1,0,0,0.16376932180528372,0.8362306781947163,High Risk,2178.0,Low,0
9328,0.0,188.0,1.0,1,1,0,0,0,1,0.8432777004835778,0.15672229951642225,Low Risk,9328.0,Very High,1
4885,0.0,48.0,1.0,1,0,1,0,0,1,0.7517676279824874,0.24823237201751258,Low Risk,4885.0,Medium,1
12000,0.0,164.0,1.0,1,0,0,0,1,0,0.7390254174595462,0.2609745825404538,Low Risk,12000.0,,1
6033,0.0,160.0,1.0,1,1,1,0,2,0,0.8265402004869923,0.17345979951300772,Low Risk,6033.0,High,1
3858,0.0,76.0,1.0,1,0,0,0,1,1,0.7649313502474466,0.23506864975255337,Low Risk,3858.0,Medium,1
4191,0.0,120.0,1.0,1,0,0,0,0,1,0.7539805985011833,0.24601940149881674,Low Risk,4191.0,Medium,1
3125,2583.0,170.0,1.0,1,1,0,0,1,0,0.8260242805977266,0.1739757194022734,Low Risk,5708.0,High,1
8333,3750.0,187.0,1.0,1,0,0,0,0,1,0.6939287326574806,0.30607126734251944,Medium Risk,12083.0,,1
1907,2365.0,120.0,1.0,0,0,1,0,2,1,0.6609445834681091,0.33905541653189086,Medium Risk,4272.0,Medium,1
11000,0.0,83.0,1.0,1,0,0,1,2,0,0.7145143643671825,0.2854856356328175,Low Risk,11000.0,,1
2600,2500.0,90.0,1.0,1,1,1,0,1,1,0.8266501044742876,0.17334989552571245,Low Risk,5100.0,High,1
4923,0.0,166.0,0.0,1,0,0,0,1,1,0.09638728208632216,0.9036127179136778,High Risk,4923.0,Medium,0
3500,1083.0,135.0,1.0,1,1,1,0,2,1,0.824163620179562,0.17583637982043798,Low Risk,4583.0,Medium,1
3917,0.0,124.0,1.0,1,1,1,0,1,1,0.8367738948825689,0.16322610511743108,Low Risk,3917.0,Medium,1
4408,0.0,120.0,1.0,0,0,1,0,1,1,0.6914882390221424,0.3085117609778576,Medium Risk,4408.0,Medium,1
3244,0.0,80.0,1.0,0,0,0,0,2,1,0.7300097423237727,0.2699902576762273,Low Risk,3244.0,Medium,1
3975,2531.0,55.0,1.0,1,0,1,0,0,1,0.7240768766513742,0.2759231233486258,Low Risk,6506.0,High,1
2479,0.0,59.0,1.0,1,0,0,0,2,1,0.7671728728477357,0.23282712715226428,Low Risk,2479.0,Low,1
3418,0.0,127.0,1.0,1,0,0,0,1,0,0.7488276208071991,0.2511723791928009,Low Risk,3418.0,Medium,1
10000,0.0,214.0,1.0,0,0,0,0,1,0,0.6878279263390533,0.3121720736609467,Medium Risk,10000.0,Very High,1
3430,1250.0,128.0,0.0,1,1,0,0,1,0,0.17254537787136237,0.8274546221286376,High Risk,4680.0,Medium,0
7787,0.0,240.0,1.0,1,1,0,1,2,1,0.78872353941316,0.21127646058684002,Low Risk,7787.0,Very High,1
5703,0.0,130.0,1.0,1,1,1,1,0,1,0.8014830771124578,0.1985169228875422,Low Risk,5703.0,High,1
3173,3021.0,137.0,1.0,1,1,0,0,2,1,0.828765858899916,0.17123414110008395,Low Risk,6194.0,High,1
3850,983.0,100.0,1.0,1,1,1,0,1,1,0.8354428930052153,0.16455710699478465,Low Risk,4833.0,Medium,1
150,1800.0,135.0,1.0,1,1,0,0,0,0,0.8413371029501452,0.1586628970498548,Low Risk,1950.0,Low,1
3727,1775.0,131.0,1.0,1,1,0,0,1,1,0.8411152666641891,0.15888473333581088,Low Risk,5502.0,High,1
2221,0.0,60.0,0.0,1,1,0,0,2,0,0.19722187259882873,0.8027781274011713,High Risk,2221.0,Low,0
4009,1717.0,116.0,1.0,1,1,0,0,1,1,0.8449441186374663,0.15505588136253368,Low Risk,5726.0,High,1
2971,2791.0,144.0,1.0,1,0,0,0,1,1,0.7148983777585234,0.2851016222414766,Low Risk,5762.0,High,1
7578,1010.0,175.0,1.0,1,1,0,0,1,1,0.8370010838770656,0.16299891612293438,Low Risk,8588.0,Very High,1
6250,0.0,128.0,1.0,1,1,0,0,1,1,0.8540011622659687,0.14599883773403133,Low Risk,6250.0,High,1
3250,0.0,170.0,1.0,1,1,0,0,0,0,0.8462230253015814,0.15377697469841856,Low Risk,3250.0,Medium,1
4735,0.0,138.0,1.0,1,1,1,1,2,0,0.7943627870004731,0.20563721299952686,Low Risk,4735.0,Medium,1
6250,1695.0,210.0,1.0,1,1,0,0,1,1,0.8233775539558541,0.1766224460441459,Low Risk,7945.0,Very High,1
6400,0.0,200.0,1.0,1,0,0,1,0,1,0.6772014333605783,0.32279856663942175,Medium Risk,6400.0,High,1
2491,2054.0,104.0,1.0,1,1,0,0,1,1,0.8450851669879552,0.15491483301204478,Low Risk,4545.0,Medium,1
3189,2598.0,120.0,1.0,1,0,1,0,0,1,0.7004530918175254,0.29954690818247465,Low Risk,5787.0,High,1
8333,0.0,280.0,1.0,0,0,0,0,1,1,0.6626693353243308,0.3373306646756692,Medium Risk,8333.0,Very High,1
3155,1779.0,140.0,1.0,1,1,0,0,1,1,0.8389217043989223,0.16107829560107767,Low Risk,4934.0,Medium,1
5500,1260.0,170.0,1.0,1,1,0,0,0,1,0.8380170344777064,0.16198296552229363,Low Risk,6760.0,High,1
3812,0.0,112.0,1.0,0,0,0,0,0,1,0.7251398841986751,0.27486011580132486,Low Risk,3812.0,Medium,1
3315,0.0,96.0,1.0,1,1,0,0,1,1,0.8601954049835895,0.13980459501641052,Low Risk,3315.0,Medium,1
5819,5000.0,120.0,1.0,1,1,0,0,0,1,0.8230195009527614,0.17698049904723856,Low Risk,10819.0,,1
2510,1983.0,140.0,1.0,1,1,1,0,2,0,0.815880251166183,0.184119748833817,Low Risk,4493.0,Medium,1
2965,5701.0,155.0,1.0,1,0,0,0,2,1,0.6761907593017237,0.3238092406982763,Medium Risk,8666.0,Very High,1
6250,1300.0,108.0,1.0,1,1,0,1,0,1,0.8179586752176792,0.18204132478232082,Low Risk,7550.0,Very High,1
3406,4417.0,123.0,1.0,1,1,1,0,1,1,0.8035052144821305,0.19649478551786947,Low Risk,7823.0,Very High,1
6050,4333.0,120.0,1.0,1,0,0,1,2,0,0.6513253516952858,0.3486746483047142,Medium Risk,10383.0,,1
9703,0.0,112.0,1.0,1,1,0,0,2,1,0.8561503305775425,0.14384966942245747,Low Risk,9703.0,Very High,1
6608,0.0,137.0,1.0,1,1,1,0,2,1,0.832198722610494,0.167801277389506,Low Risk,6608.0,High,1
2882,1843.0,123.0,1.0,1,1,0,0,1,1,0.8423141353106025,0.1576858646893975,Low Risk,4725.0,Medium,1
1809,1868.0,90.0,1.0,1,1,0,0,2,1,0.8474139948086701,0.15258600519132992,Low Risk,3677.0,Medium,1
1668,3890.0,201.0,0.0,1,1,1,0,1,0,0.12283743628198764,0.8771625637180124,High Risk,5558.0,High,0
3427,0.0,138.0,1.0,0,0,0,0,2,0,0.710135601112522,0.28986439888747795,Low Risk,3427.0,Medium,1
2583,2167.0,104.0,1.0,1,0,1,1,0,1,0.6575616008114935,0.3424383991885065,Medium Risk,4750.0,Medium,1
2661,7101.0,279.0,1.0,1,1,1,0,1,1,0.73172789432405,0.26827210567594995,Low Risk,9762.0,Very High,1
16250,0.0,192.0,0.0,1,0,0,1,2,0,0.0739698241731661,0.9260301758268339,High Risk,16250.0,,0
3083,0.0,255.0,1.0,0,0,0,0,0,1,0.6737801997045957,0.3262198002954043,Medium Risk,3083.0,Medium,1
6045,0.0,115.0,0.0,1,0,1,0,0,0,0.09359284444508514,0.9064071555549149,High Risk,6045.0,High,0
5250,0.0,94.0,1.0,1,1,0,0,2,0,0.8591605884755988,0.14083941152440116,Low Risk,5250.0,High,1
14683,2100.0,304.0,1.0,1,1,0,0,0,0,0.7996890651187447,0.2003109348812553,Low Risk,16783.0,,1
2060,2209.0,134.0,1.0,1,0,0,0,1,1,0.7241278830246818,0.2758721169753182,Low Risk,4269.0,Medium,1
3481,0.0,155.0,1.0,0,0,0,0,1,0,0.7071830241606726,0.2928169758393274,Low Risk,3481.0,Medium,1
7200,0.0,120.0,1.0,0,0,0,0,0,1,0.7233320032022876,0.27666799679771237,Low Risk,7200.0,High,1
5166,0.0,128.0,1.0,1,0,0,1,1,1,0.7000228456044125,0.2999771543955875,Low Risk,5166.0,High,1
4095,3447.0,151.0,1.0,1,0,0,0,0,1,0.7088415074405169,0.2911584925594831,Low Risk,7542.0,Very High,1
4708,1387.0,150.0,1.0,1,1,0,0,1,1,0.8396241693210932,0.16037583067890682,Low Risk,6095.0,High,1
4333,1811.0,160.0,0.0,1,1,0,0,2,1,0.15916242622120202,0.840837573778798,High Risk,6144.0,High,0
2876,1560.0,90.0,1.0,0,0,0,0,2,1,0.7103171400786307,0.28968285992136933,Low Risk,4436.0,Medium,1
3237,0.0,30.0,1.0,0,0,0,0,2,1,0.7464753087412974,0.2535246912587026,Low Risk,3237.0,Medium,1
11146,0.0,136.0,1.0,1,1,0,0,2,1,0.8512850727992067,0.14871492720079327,Low Risk,11146.0,,1
2833,1857.0,126.0,1.0,1,0,0,0,0,1,0.7334932797625963,0.26650672023740374,Low Risk,4690.0,Medium,1
2620,2223.0,150.0,1.0,1,1,0,0,1,1,0.833359782959567,0.16664021704043297,Low Risk,4843.0,Medium,1
3900,0.0,90.0,1.0,1,1,0,0,1,1,0.8615154707563497,0.1384845292436503,Low Risk,3900.0,Medium,1
2750,1842.0,115.0,1.0,1,1,0,0,1,1,0.8441003839701429,0.15589961602985714,Low Risk,4592.0,Medium,1
3993,3274.0,207.0,1.0,1,1,0,0,1,1,0.8115757381329715,0.18842426186702854,Low Risk,7267.0,High,1
3103,1300.0,80.0,1.0,1,1,0,0,2,1,0.8535177123935008,0.14648228760649917,Low Risk,4403.0,Medium,1
14583,0.0,436.0,1.0,1,1,0,0,1,1,0.7777396787886436,0.22226032121135642,Low Risk,14583.0,,1
4053,2426.0,158.0,0.0,1,0,1,1,2,0,0.060307398467054255,0.9396926015329458,High Risk,6479.0,High,0
3927,800.0,112.0,1.0,1,1,0,0,1,1,0.8518691586353848,0.14813084136461518,Low Risk,4727.0,Medium,1
2301,985.7999878,78.0,1.0,1,1,0,0,2,1,0.8558127872659219,0.14418721273407809,Low Risk,3286.7999878,Medium,1
1811,1666.0,54.0,1.0,0,0,0,0,2,1,0.7213977615800317,0.27860223841996834,Low Risk,3477.0,Medium,1
3158,3053.0,89.0,1.0,1,0,0,0,0,1,0.7338897143388481,0.2661102856611519,Low Risk,6211.0,High,1
2600,1717.0,99.0,1.0,0,0,0,1,1,0,0.655232486389735,0.34476751361026503,Medium Risk,4317.0,Medium,1
3704,2000.0,120.0,1.0,1,1,0,0,0,1,0.8440018778708498,0.1559981221291502,Low Risk,5704.0,High,1
4124,0.0,115.0,1.0,0,0,0,0,1,1,0.7212766697500447,0.2787233302499553,Low Risk,4124.0,Medium,1
9508,0.0,187.0,1.0,1,0,0,0,0,1,0.7335938256066812,0.2664061743933188,Low Risk,9508.0,Very High,1
3075,2416.0,139.0,1.0,1,1,0,0,0,1,0.836673353480359,0.16332664651964102,Low Risk,5491.0,High,1
4400,0.0,127.0,0.0,1,1,0,0,1,0,0.1823640296899035,0.8176359703100965,High Risk,4400.0,Medium,0
3153,1560.0,134.0,1.0,1,1,0,0,2,1,0.8398489574794514,0.16015104252054857,Low Risk,4713.0,Medium,1
5417,0.0,143.0,0.0,0,0,0,0,2,0,0.08504188885833504,0.9149581111416649,High Risk,5417.0,High,0
2383,3334.0,172.0,1.0,1,1,0,0,1,1,0.8197544506697183,0.1802455493302817,Low Risk,5717.0,High,1
6875,0.0,200.0,1.0,1,1,0,0,1,1,0.8381376464821343,0.1618623535178657,Low Risk,6875.0,High,1
4666,0.0,135.0,1.0,0,1,0,0,2,1,0.8284483458887593,0.17155165411124074,Low Risk,4666.0,Medium,1
5000,2541.0,151.0,1.0,0,0,0,0,0,0,0.6845126449649023,0.3154873550350977,Medium Risk,7541.0,Very High,1
2014,2925.0,113.0,1.0,1,1,0,0,2,0,0.8349587754696742,0.16504122453032577,Low Risk,4939.0,Medium,1
1800,2934.0,93.0,0.0,1,1,1,0,2,0,0.14842672267838092,0.8515732773216191,High Risk,4734.0,Medium,0
2875,1750.0,105.0,1.0,1,1,1,0,1,1,0.828556089280743,0.17144391071925702,Low Risk,4625.0,Medium,1
5000,0.0,132.0,1.0,0,0,0,0,0,1,0.7186176167981627,0.2813823832018373,Low Risk,5000.0,Medium,1
1625,1803.0,96.0,1.0,1,1,0,0,2,1,0.8464889959332771,0.1535110040667229,Low Risk,3428.0,Medium,1
4000,2500.0,140.0,1.0,1,0,0,0,0,1,0.722535677103068,0.277464322896932,Low Risk,6500.0,High,1
3762,1666.0,135.0,1.0,0,0,0,0,0,1,0.6995537728808194,0.30044622711918056,Medium Risk,5428.0,High,1
2400,1863.0,104.0,0.0,0,0,0,0,2,0,0.08248058649439644,0.9175194135056035,High Risk,4263.0,Medium,0
20233,0.0,480.0,1.0,1,0,0,0,0,0,0.629005208846345,0.37099479115365497,Medium Risk,20233.0,,1
2917,0.0,84.0,1.0,0,0,0,0,1,1,0.731455038266157,0.268544961733843,Low Risk,2917.0,Medium,1
2927,2405.0,111.0,1.0,1,0,1,0,1,1,0.7026104931474983,0.29738950685250165,Low Risk,5332.0,High,1
2507,0.0,56.0,1.0,0,0,0,0,0,1,0.7434166840018406,0.2565833159981594,Low Risk,2507.0,Medium,1
3399,1640.0,111.0,1.0,1,1,1,0,2,1,0.8259162831125463,0.17408371688745372,Low Risk,5039.0,High,1
3717,0.0,120.0,1.0,1,1,0,0,1,1,0.8552695222223581,0.14473047777764192,Low Risk,3717.0,Medium,1
10000,0.0,155.0,1.0,1,1,0,1,0,0,0.8167323946897393,0.18326760531026065,Low Risk,10000.0,Very High,1
2400,2167.0,115.0,1.0,1,1,0,0,1,1,0.8418258794413023,0.15817412055869773,Low Risk,4567.0,Medium,1
4342,189.0,124.0,1.0,1,1,0,0,1,1,0.8533165373092629,0.14668346269073707,Low Risk,4531.0,Medium,1
15000,0.0,300.0,1.0,1,1,0,0,0,1,0.8175093868493739,0.1824906131506261,Low Risk,15000.0,,1
8666,4983.0,376.0,0.0,1,1,0,1,0,0,0.08269162058959914,0.9173083794104009,High Risk,13649.0,,0
4917,0.0,130.0,0.0,1,0,0,0,0,1,0.10321002910755747,0.8967899708924425,High Risk,4917.0,Medium,0
5818,2160.0,184.0,1.0,1,1,0,1,1,1,0.7881165629468895,0.21188343705311052,Low Risk,7978.0,Very High,1
4333,2451.0,110.0,1.0,0,1,0,0,2,0,0.8162028371902291,0.18379716280977088,Low Risk,6784.0,High,1
2500,0.0,67.0,1.0,0,0,0,0,2,1,0.7341589540918818,0.2658410459081182,Low Risk,2500.0,Low,1
4384,1793.0,117.0,1.0,1,0,0,0,2,1,0.7318320255260617,0.26816797447393825,Low Risk,6177.0,High,1
2935,0.0,98.0,1.0,1,0,0,0,1,1,0.7578914599907772,0.24210854000922277,Low Risk,2935.0,Medium,1
2833,0.0,71.0,1.0,1,0,0,0,2,1,0.7635853762654352,0.2364146237345648,Low Risk,2833.0,Medium,1
5503,4490.0,70.0,1.0,1,1,0,1,1,1,0.8002311873522975,0.19976881264770252,Low Risk,9993.0,Very High,1
2500,4600.0,176.0,1.0,1,1,0,1,0,1,0.7706386168789029,0.2293613831210971,Low Risk,7100.0,High,1
4160,0.0,71.0,1.0,0,0,0,0,1,1,0.7361128758228176,0.2638871241771824,Low Risk,4160.0,Medium,1
2647,1587.0,173.0,1.0,1,1,1,0,0,0,0.8149019521556116,0.18509804784438844,Low Risk,4234.0,Medium,1
2378,0.0,46.0,1.0,0,0,0,0,0,0,0.7466219668373474,0.2533780331626526,Low Risk,2378.0,Low,1
4554,1229.0,158.0,1.0,1,1,1,0,2,1,0.8175037723034051,0.1824962276965949,Low Risk,5783.0,High,1
3173,0.0,74.0,1.0,1,1,1,0,1,1,0.8479547650531883,0.15204523494681166,Low Risk,3173.0,Medium,1
2499,2458.0,160.0,1.0,1,1,0,0,1,1,0.8292519865566296,0.17074801344337043,Low Risk,4957.0,Medium,1
3523,3230.0,152.0,0.0,1,1,1,0,0,0,0.13808977464244113,0.8619102253575589,High Risk,6753.0,High,0
3083,2168.0,126.0,1.0,1,1,1,0,2,1,0.818142433253522,0.18185756674647802,Low Risk,5251.0,High,1
2625,6250.0,187.0,1.0,1,1,0,0,0,1,0.7948045129138346,0.20519548708616542,Low Risk,8875.0,Very High,1
9083,0.0,228.0,1.0,1,1,0,0,1,1,0.8319752051259026,0.16802479487409738,Low Risk,9083.0,Very High,1
8750,4167.0,308.0,1.0,1,0,0,0,0,0,0.6436861779999217,0.35631382200007833,Medium Risk,12917.0,,1
2666,2083.0,95.0,1.0,1,1,0,0,0,1,0.8488048583497959,0.1511951416502041,Low Risk,4749.0,Medium,1
5500,0.0,105.0,0.0,0,1,0,1,0,0,0.13523844183958156,0.8647615581604184,High Risk,5500.0,High,0
2423,505.0,130.0,1.0,0,1,0,0,1,1,0.8276128049309311,0.17238719506906885,Low Risk,2928.0,Medium,1
3813,0.0,116.0,1.0,0,0,0,0,2,1,0.7179003263208323,0.28209967367916766,Low Risk,3813.0,Medium,1
8333,3167.0,165.0,1.0,1,1,0,0,0,1,0.8260467723380986,0.17395322766190136,Low Risk,11500.0,,1
3875,0.0,67.0,1.0,1,1,0,0,2,0,0.864420748119018,0.13557925188098197,Low Risk,3875.0,Medium,1
3000,1666.0,100.0,0.0,1,1,1,0,2,0,0.15549803104804938,0.8445019689519506,High Risk,4666.0,Medium,0
5167,3167.0,200.0,1.0,1,1,0,0,1,1,0.8144676025660218,0.1855323974339782,Low Risk,8334.0,Very High,1
4723,0.0,81.0,1.0,0,0,0,0,1,0,0.7329372305154034,0.2670627694845966,Low Risk,4723.0,Medium,1
5000,3667.0,236.0,1.0,1,1,0,0,1,1,0.8009115956899159,0.19908840431008412,Low Risk,8667.0,Very High,1
4750,2333.0,130.0,1.0,1,1,0,0,2,1,0.8356682860039059,0.16433171399609414,Low Risk,7083.0,High,1
6822,0.0,141.0,1.0,1,0,0,1,0,1,0.6989058991903195,0.30109410080968046,Medium Risk,6822.0,High,1
6216,0.0,133.0,1.0,1,0,1,0,0,0,0.7241133175676774,0.2758866824323226,Low Risk,6216.0,High,1
2500,0.0,96.0,1.0,1,0,0,0,1,0,0.7584086651782129,0.24159133482178707,Low Risk,2500.0,Low,1
5124,0.0,124.0,0.0,1,0,0,0,0,0,0.10418676829492116,0.8958132317050789,High Risk,5124.0,High,0
6325,0.0,175.0,1.0,1,1,0,0,1,1,0.8437383976173246,0.1562616023826754,Low Risk,6325.0,High,1
19730,5266.0,570.0,1.0,1,1,0,0,0,0,0.6845898204633923,0.31541017953660766,Medium Risk,24996.0,,1
15759,0.0,55.0,1.0,0,0,0,1,1,1,0.6949183509027392,0.30508164909726077,Medium Risk,15759.0,,1
5185,0.0,155.0,1.0,1,1,0,0,1,1,0.8479823711592869,0.15201762884071313,Low Risk,5185.0,High,1
9323,7873.0,380.0,1.0,1,1,0,1,0,1,0.6693205402958304,0.33067945970416956,Medium Risk,17196.0,,1
3062,1987.0,111.0,0.0,1,0,0,0,2,0,0.0941875760386769,0.9058124239613231,High Risk,5049.0,High,0
4817,923.0,120.0,1.0,1,1,0,0,2,1,0.8476093814326991,0.15239061856730085,Low Risk,5740.0,High,1
8750,4996.0,130.0,1.0,1,1,0,0,0,1,0.8211363889600247,0.17886361103997528,Low Risk,13746.0,,1
3069,0.0,71.0,1.0,1,0,0,0,2,0,0.7636430396759066,0.23635696032409337,Low Risk,3069.0,Medium,1
5391,0.0,130.0,1.0,1,1,0,0,2,1,0.8515935373215867,0.1484064626784133,Low Risk,5391.0,High,1
5941,4232.0,296.0,1.0,1,0,0,0,1,1,0.6433893788239838,0.35661062117601616,Medium Risk,10173.0,,1
6000,0.0,156.0,1.0,0,0,0,0,2,1,0.7045041822785785,0.2954958177214215,Low Risk,6000.0,High,1
7167,0.0,128.0,1.0,1,0,0,1,2,1,0.6975183260826016,0.30248167391739844,Medium Risk,7167.0,High,1
4566,0.0,100.0,1.0,1,1,0,0,2,0,0.8578054351857196,0.1421945648142804,Low Risk,4566.0,Medium,1
2346,1600.0,132.0,1.0,1,0,1,0,1,1,0.7036123036625677,0.29638769633743234,Low Risk,3946.0,Medium,1
2333,2417.0,136.0,1.0,1,1,0,0,2,1,0.8332066205915036,0.16679337940849637,Low Risk,4750.0,Medium,1
5488,0.0,125.0,1.0,1,1,0,0,0,1,0.8563161078176468,0.14368389218235322,Low Risk,5488.0,High,1
9167,0.0,185.0,1.0,1,0,0,0,0,1,0.7341695623232196,0.2658304376767804,Low Risk,9167.0,Very High,1
9504,0.0,275.0,1.0,1,1,0,0,0,1,0.8226993017114488,0.17730069828855122,Low Risk,9504.0,Very High,1
1993,1625.0,113.0,1.0,1,1,1,0,1,1,0.827358752074954,0.17264124792504598,Low Risk,3618.0,Medium,1
3100,1400.0,113.0,1.0,1,1,0,0,2,1,0.845672996340791,0.15432700365920904,Low Risk,4500.0,Medium,1
3180,0.0,71.0,0.0,0,0,0,0,2,0,0.09483158427504447,0.9051684157249555,High Risk,3180.0,Medium,0
3033,1459.0,95.0,1.0,1,1,0,0,2,1,0.8492359489618992,0.15076405103810075,Low Risk,4492.0,Medium,1
3902,1666.0,109.0,1.0,1,0,1,0,0,1,0.7144486331361292,0.28555136686387084,Low Risk,5568.0,High,1
1500,1800.0,103.0,0.0,0,0,0,0,1,0,0.0838786107474441,0.9161213892525559,High Risk,3300.0,Medium,0
2889,0.0,45.0,0.0,1,1,1,0,2,0,0.18051670494161148,0.8194832950583886,High Risk,2889.0,Medium,0
2755,0.0,65.0,1.0,1,0,1,0,0,0,0.745773741170047,0.254226258829953,Low Risk,2755.0,Medium,1
2500,20000.0,103.0,1.0,1,0,0,0,1,1,0.5259315696549869,0.4740684303450131,Medium Risk,22500.0,,1
1963,0.0,53.0,1.0,0,0,1,0,1,1,0.7146337206106979,0.28536627938930215,Low Risk,1963.0,Low,1
7441,0.0,194.0,1.0,0,0,0,1,0,0,0.643273106849591,0.35672689315040895,Medium Risk,7441.0,High,1
4547,0.0,115.0,1.0,0,0,0,0,1,1,0.7213917639651739,0.2786082360348261,Low Risk,4547.0,Medium,1
2167,2400.0,115.0,1.0,1,1,1,0,2,1,0.8189719614502461,0.1810280385497539,Low Risk,4567.0,Medium,1
2213,0.0,66.0,1.0,0,0,1,0,0,1,0.7131597545335308,0.28684024546646925,Low Risk,2213.0,Low,1
8300,0.0,152.0,0.0,1,1,0,0,1,0,0.17686220573439093,0.8231377942656091,High Risk,8300.0,Very High,0
81000,0.0,360.0,0.0,1,1,0,0,0,0,0.14438568495315715,0.8556143150468428,High Risk,81000.0,,0
3867,0.0,62.0,1.0,0,0,1,1,1,0,0.6591720685718938,0.3408279314281062,Medium Risk,3867.0,Medium,1
6096,0.0,218.0,0.0,1,1,1,0,0,0,0.1450181125251334,0.8549818874748666,High Risk,6096.0,High,0
2253,2033.0,110.0,1.0,1,1,1,0,0,1,0.827229827996285,0.17277017200371503,Low Risk,4286.0,Medium,1
2149,3237.0,178.0,0.0,0,1,1,0,1,0,0.11351016350158584,0.8864898364984142,High Risk,5386.0,High,0
2995,0.0,60.0,1.0,0,0,0,0,2,1,0.7366114970393485,0.2633885029606515,Low Risk,2995.0,Medium,1
2600,0.0,160.0,1.0,0,0,0,0,2,0,0.7021209630371269,0.2978790369628731,Low Risk,2600.0,Medium,1
1600,20000.0,239.0,1.0,1,1,0,1,2,0,0.570123840693496,0.429876159306504,Medium Risk,21600.0,,1
1025,2773.0,112.0,1.0,1,1,0,0,0,1,0.8400475432359262,0.15995245676407377,Low Risk,3798.0,Medium,1
3246,1417.0,138.0,1.0,1,1,0,0,1,1,0.8418915976958026,0.15810840230419743,Low Risk,4663.0,Medium,1
5829,0.0,138.0,1.0,1,1,0,0,0,1,0.8536254033969192,0.14637459660308083,Low Risk,5829.0,High,1
2720,0.0,80.0,0.0,0,0,1,0,2,0,0.08259789637039255,0.9174021036296074,High Risk,2720.0,Medium,0
1820,1719.0,100.0,1.0,1,1,0,0,2,1,0.8461981325162349,0.15380186748376512,Low Risk,3539.0,Medium,1
7250,1667.0,110.0,0.0,1,1,0,0,2,0,0.17251842301129988,0.8274815769887001,High Risk,8917.0,Very High,0
14880,0.0,96.0,1.0,1,1,0,0,1,1,0.8620674072492902,0.1379325927507098,Low Risk,14880.0,,1
2666,4300.0,121.0,1.0,1,1,0,0,0,1,0.827349144437387,0.17265085556261295,Low Risk,6966.0,High,1
4606,0.0,81.0,1.0,0,0,1,0,0,0,0.7085697030695737,0.2914302969304263,Low Risk,4606.0,Medium,1
5935,0.0,133.0,1.0,1,1,0,0,1,1,0.8528816751813291,0.14711832481867093,Low Risk,5935.0,High,1
2920,16.12000084,87.0,1.0,1,1,0,0,0,1,0.8635979521700019,0.1364020478299981,Low Risk,2936.12000084,Medium,1
2717,0.0,60.0,1.0,1,0,1,0,2,1,0.7418211839939792,0.2581788160060208,Low Risk,2717.0,Medium,1
8624,0.0,150.0,1.0,0,0,0,1,1,1,0.6573716528669372,0.3426283471330628,Medium Risk,8624.0,Very High,1
6500,0.0,105.0,0.0,1,0,0,0,0,0,0.10742731207662685,0.8925726879233732,High Risk,6500.0,High,0
2425,2340.0,143.0,1.0,1,1,0,0,1,1,0.8341435342637226,0.16585646573627744,Low Risk,4765.0,Medium,1
3750,0.0,100.0,1.0,1,0,0,0,2,1,0.7547744486325982,0.24522555136740176,Low Risk,3750.0,Medium,1
1926,1851.0,50.0,1.0,1,0,0,0,1,1,0.755184191500406,0.24481580849959395,Low Risk,3777.0,Medium,1
10416,0.0,187.0,0.0,1,0,0,1,2,0,0.07401277923415396,0.925987220765846,High Risk,10416.0,,0
7142,0.0,138.0,1.0,0,1,1,1,0,1,0.7722254117459084,0.22777458825409158,Low Risk,7142.0,High,1
3660,5064.0,187.0,1.0,1,0,0,0,1,1,0.6748194422463307,0.3251805577536693,Medium Risk,8724.0,Very High,1
7901,1833.0,180.0,1.0,1,1,0,0,0,1,0.8320590449265414,0.16794095507345863,Low Risk,9734.0,Very High,1
4707,1993.0,148.0,1.0,1,0,1,0,1,1,0.6942945021392082,0.3057054978607918,Medium Risk,6700.0,High,1
37719,0.0,152.0,1.0,1,0,0,0,1,1,0.7495436788642327,0.2504563211357673,Low Risk,37719.0,,1
3466,1210.0,130.0,1.0,1,1,0,1,0,1,0.812438218586112,0.18756178141388802,Low Risk,4676.0,Medium,1
4652,0.0,110.0,1.0,1,1,1,0,0,1,0.8420932915739625,0.1579067084260375,Low Risk,4652.0,Medium,1
3340,1710.0,150.0,0.0,1,1,0,0,0,0,0.1659837663821081,0.8340162336178919,High Risk,5050.0,High,0
2309,1255.0,125.0,0.0,1,1,1,0,0,0,0.15639170099337937,0.8436082990066206,High Risk,3564.0,Medium,0
3948,1733.0,149.0,0.0,1,1,0,0,0,0,0.16617008619257462,0.8338299138074254,High Risk,5681.0,High,0
2483,2466.0,90.0,0.0,1,1,0,0,0,1,0.174782714562855,0.825217285437145,High Risk,4949.0,Medium,0
7085,0.0,84.0,1.0,1,0,0,1,1,1,0.7160627139093076,0.28393728609069235,Low Risk,7085.0,High,1
3859,0.0,96.0,1.0,1,1,0,0,1,1,0.8602839359536838,0.1397160640463162,Low Risk,3859.0,Medium,1
4301,0.0,118.0,1.0,1,1,0,0,2,1,0.853976529218392,0.14602347078160804,Low Risk,4301.0,Medium,1
3708,2569.0,173.0,1.0,1,1,0,0,2,0,0.8233914285615364,0.17660857143846365,Low Risk,6277.0,High,1
4354,0.0,136.0,1.0,1,0,0,0,0,1,0.7489275036092897,0.2510724963907103,Low Risk,4354.0,Medium,1
8334,0.0,160.0,1.0,1,1,0,0,1,0,0.8474322307288144,0.15256776927118565,Low Risk,8334.0,Very High,1
7740,0.0,128.0,1.0,1,1,0,0,2,1,0.852424362819106,0.14757563718089395,Low Risk,7740.0,Very High,1
3015,2188.0,153.0,1.0,1,1,0,0,0,1,0.8349957254013456,0.1650042745986544,Low Risk,5203.0,High,1
4166,0.0,98.0,0.0,1,0,0,0,1,0,0.1068692827276201,0.8931307172723799,High Risk,4166.0,Medium,0
6000,0.0,140.0,1.0,1,0,0,0,0,1,0.7480632361667352,0.2519367638332648,Low Risk,6000.0,High,1
2947,1664.0,70.0,0.0,1,1,1,0,2,0,0.16233724586326703,0.837662754136733,High Risk,4611.0,Medium,0
4333,2451.0,110.0,1.0,1,1,0,0,2,0,0.8394052196028128,0.16059478039718722,Low Risk,6784.0,High,1
3450,2079.0,162.0,1.0,1,1,0,1,1,1,0.7944684502956374,0.2055315497043626,Low Risk,5529.0,High,1
2653,1500.0,113.0,0.0,1,1,1,0,0,0,0.15749348678051028,0.8425065132194898,High Risk,4153.0,Medium,0
4691,0.0,100.0,1.0,1,1,0,0,1,1,0.859598270417184,0.14040172958281605,Low Risk,4691.0,Medium,1
5532,4648.0,162.0,1.0,1,0,0,0,0,1,0.6923677279391232,0.30763227206087684,Medium Risk,10180.0,,1
16525,1014.0,150.0,1.0,1,1,0,1,0,1,0.8114698676549098,0.1885301323450902,Low Risk,17539.0,,1
6700,1750.0,230.0,1.0,1,1,0,0,1,1,0.8180343602513023,0.18196563974869773,Low Risk,8450.0,Very High,1
16667,2250.0,86.0,1.0,1,1,0,1,1,1,0.8161887211513105,0.18381127884868953,Low Risk,18917.0,,1
4350,0.0,154.0,1.0,0,0,1,0,0,1,0.6821461872629834,0.3178538127370166,Medium Risk,4350.0,Medium,1
3095,0.0,113.0,1.0,1,1,1,0,0,1,0.8411306062141175,0.1588693937858825,Low Risk,3095.0,Medium,1
2083,3150.0,128.0,1.0,1,1,0,0,1,1,0.8318433920288533,0.16815660797114673,Low Risk,5233.0,High,1
10833,0.0,234.0,1.0,1,1,0,0,1,1,0.8308735898765366,0.1691264101234634,Low Risk,10833.0,,1
8333,0.0,246.0,1.0,1,1,0,0,1,1,0.8274968653004632,0.17250313469953682,Low Risk,8333.0,Very High,1
1958,2436.0,131.0,1.0,1,1,1,0,0,1,0.818942921736863,0.181057078263137,Low Risk,4394.0,Medium,1
3547,0.0,80.0,0.0,1,0,0,0,0,0,0.11118720615545663,0.8888127938445434,High Risk,3547.0,Medium,0
18333,0.0,500.0,1.0,1,1,0,0,2,0,0.7565589804650382,0.24344101953496178,Low Risk,18333.0,,1
4583,2083.0,160.0,1.0,1,1,0,1,1,1,0.7952409570285576,0.20475904297144243,Low Risk,6666.0,High,1
2435,0.0,75.0,1.0,1,0,0,0,2,0,0.762254543831756,0.23774545616824405,Low Risk,2435.0,Low,1
3691,0.0,110.0,1.0,1,0,1,0,0,1,0.7312059470388187,0.2687940529611813,Low Risk,3691.0,Medium,1
17263,0.0,225.0,1.0,0,0,1,1,1,1,0.5986543424139573,0.4013456575860427,Medium Risk,17263.0,,1
3597,2157.0,119.0,0.0,1,1,0,0,0,0,0.17020886728525672,0.8297911327147433,High Risk,5754.0,High,0
3326,913.0,105.0,1.0,0,1,0,0,1,1,0.8308506937337055,0.16914930626629454,Low Risk,4239.0,Medium,1
2600,1700.0,107.0,1.0,1,1,1,0,0,1,0.8304506204910032,0.16954937950899684,Low Risk,4300.0,Medium,1
2895,0.0,95.0,1.0,1,1,0,1,1,1,0.8281291963188032,0.17187080368119678,Low Risk,2895.0,Medium,1
6283,4416.0,209.0,0.0,1,0,0,0,0,0,0.07433604408424983,0.9256639559157501,High Risk,10699.0,,0
645,3683.0,113.0,1.0,0,0,0,0,0,1,0.6845504460389316,0.31544955396106844,Medium Risk,4328.0,Medium,1
3159,0.0,100.0,1.0,0,0,0,0,1,1,0.7261286153229274,0.2738713846770726,Low Risk,3159.0,Medium,1
4865,5624.0,208.0,1.0,1,1,0,0,1,1,0.7923157479308902,0.2076842520691098,Low Risk,10489.0,,1
3814,1483.0,124.0,1.0,1,1,1,0,1,1,0.8260712695201633,0.1739287304798367,Low Risk,5297.0,High,1
3510,4416.0,243.0,1.0,1,1,0,0,0,1,0.7948075212597578,0.20519247874024216,Low Risk,7926.0,Very High,1
2479,3013.0,188.0,1.0,1,1,0,1,2,1,0.776226522693559,0.22377347730644104,Low Risk,5492.0,High,1
13262,0.0,40.0,1.0,0,0,0,0,2,1,0.7458165643665404,0.2541834356334596,Low Risk,13262.0,,1
3598,1287.0,100.0,1.0,1,0,1,0,0,0,0.7214178377575788,0.27858216224242116,Low Risk,4885.0,Medium,1
6065,2004.0,250.0,1.0,1,1,0,0,1,1,0.8107779442173948,0.1892220557826052,Low Risk,8069.0,Very High,1
3283,2035.0,148.0,1.0,1,1,0,0,2,1,0.8332716022216522,0.1667283977783478,Low Risk,5318.0,High,1
2130,6666.0,70.0,1.0,1,1,0,0,1,0,0.8200856176065391,0.17991438239346091,Low Risk,8796.0,Very High,1
5815,3666.0,311.0,1.0,1,0,0,0,0,0,0.6475002422572468,0.3524997577427532,Medium Risk,9481.0,Very High,1
3466,3428.0,150.0,1.0,1,1,0,0,0,1,0.8268450236787918,0.17315497632120824,Low Risk,6894.0,High,1
2031,1632.0,113.0,1.0,0,1,0,0,1,1,0.8233647762966307,0.17663522370336926,Low Risk,3663.0,Medium,1
3074,1800.0,123.0,0.0,1,1,1,0,1,0,0.15142016660781626,0.8485798333921837,High Risk,4874.0,Medium,0
4683,1915.0,185.0,1.0,1,0,0,0,1,0,0.7102816639789427,0.28971833602105734,Low Risk,6598.0,High,1
3400,0.0,95.0,1.0,0,0,1,0,0,0,0.7032762628629927,0.2967237371370073,Low Risk,3400.0,Medium,1
2192,1742.0,45.0,1.0,1,1,1,0,1,1,0.8425336340446242,0.15746636595537578,Low Risk,3934.0,Medium,1
2500,0.0,55.0,1.0,1,0,0,0,1,1,0.7709830880742446,0.22901691192575535,Low Risk,2500.0,Low,1
5677,1424.0,100.0,1.0,1,1,0,1,0,1,0.8189227036729446,0.18107729632705538,Low Risk,7101.0,High,1
7948,7166.0,480.0,1.0,1,1,0,1,0,1,0.6385606539804516,0.3614393460195484,Medium Risk,15114.0,,1
17500,0.0,400.0,1.0,1,1,0,1,0,1,0.7477873502772915,0.2522126497227085,Low Risk,17500.0,,1
3775,0.0,110.0,1.0,1,1,0,0,1,1,0.8573766008177921,0.1426233991822079,Low Risk,3775.0,Medium,1
5285,1430.0,161.0,0.0,1,1,1,0,1,1,0.14600653210443923,0.8539934678955607,High Risk,6715.0,High,0
2679,1302.0,94.0,1.0,1,0,1,0,1,1,0.7201310713004997,0.2798689286995003,Low Risk,3981.0,Medium,1
6783,0.0,130.0,1.0,1,0,1,0,1,1,0.7223668313604704,0.2776331686395296,Low Risk,6783.0,High,1
4281,0.0,100.0,1.0,1,1,0,0,2,1,0.8577583732756485,0.14224162672435148,Low Risk,4281.0,Medium,1
3588,0.0,110.0,0.0,1,0,0,0,0,0,0.10623786449735649,0.8937621355026435,High Risk,3588.0,Medium,0
18165,0.0,125.0,1.0,0,0,1,1,2,1,0.6357471703023553,0.3642528296976447,Medium Risk,18165.0,,1
6133,3906.0,324.0,1.0,1,1,0,0,2,1,0.7714682892421851,0.22853171075781487,Low Risk,10039.0,,1
3617,0.0,107.0,1.0,1,0,0,0,1,1,0.755235708065917,0.244764291934083,Low Risk,3617.0,Medium,1
2917,536.0,66.0,1.0,1,1,1,0,0,0,0.8479989126989417,0.15200108730105832,Low Risk,3453.0,Medium,1
6417,0.0,157.0,1.0,1,1,0,0,0,1,0.8496333903612738,0.15036660963872617,Low Risk,6417.0,High,1
4608,2845.0,140.0,1.0,0,1,0,0,1,1,0.8075875535952928,0.19241244640470723,Low Risk,7453.0,High,1
2138,0.0,99.0,0.0,0,0,0,0,1,0,0.09190817216072018,0.9080918278392798,High Risk,2138.0,Low,0
2239,2524.0,128.0,1.0,1,1,1,0,2,1,0.8147172853123152,0.18528271468768476,Low Risk,4763.0,Medium,1
2768,1950.0,155.0,1.0,1,1,0,0,0,1,0.836162401913941,0.16383759808605902,Low Risk,4718.0,Medium,1
3358,0.0,80.0,1.0,1,0,1,0,1,0,0.7382388683716701,0.2617611316283299,Low Risk,3358.0,Medium,1
2526,1783.0,145.0,1.0,1,0,0,0,0,1,0.7277857168792939,0.27221428312070606,Low Risk,4309.0,Medium,1
5000,0.0,103.0,0.0,0,0,0,0,1,0,0.09166266816082749,0.9083373318391725,High Risk,5000.0,Medium,0
2785,2016.0,110.0,1.0,1,1,0,0,0,1,0.8459641955694657,0.15403580443053433,Low Risk,4801.0,Medium,1
3333,3250.0,158.0,1.0,1,1,0,0,2,1,0.821940311341527,0.178059688658473,Low Risk,6583.0,High,1
2454,2333.0,181.0,0.0,1,1,1,0,2,0,0.13409448755166606,0.8659055124483339,High Risk,4787.0,Medium,0
3593,4266.0,132.0,0.0,1,1,0,0,0,0,0.1525497698937889,0.8474502301062111,High Risk,7859.0,Very High,0
5468,1032.0,26.0,1.0,1,1,0,0,1,1,0.8683109306542077,0.13168906934579228,Low Risk,6500.0,High,1
10139,0.0,260.0,1.0,1,1,0,1,1,1,0.7859937544827132,0.21400624551728675,Low Risk,10139.0,,1
3887,2669.0,162.0,1.0,1,1,0,0,1,1,0.8274921280757294,0.17250787192427064,Low Risk,6556.0,High,1
4180,2306.0,182.0,1.0,0,1,0,0,1,1,0.8005828079244092,0.19941719207559083,Low Risk,6486.0,High,1
3675,242.0,108.0,1.0,1,1,1,0,1,1,0.8387456897671384,0.16125431023286163,Low Risk,3917.0,Medium,1
19484,0.0,600.0,1.0,0,1,0,1,1,1,0.6389916241937867,0.36100837580621326,Medium Risk,19484.0,,1
5923,2054.0,211.0,1.0,1,1,0,0,0,1,0.8225037567184857,0.17749624328151425,Low Risk,7977.0,Very High,1
5800,0.0,132.0,1.0,1,0,1,1,1,1,0.6694875444315234,0.33051245556847664,Medium Risk,5800.0,High,1
8799,0.0,258.0,0.0,1,1,0,0,2,0,0.1502820510241115,0.8497179489758885,High Risk,8799.0,Very High,0
3333,0.0,70.0,1.0,1,0,0,0,2,1,0.7640150356957481,0.23598496430425187,Low Risk,3333.0,Medium,1
3400,2500.0,123.0,0.0,1,1,0,0,0,0,0.16674590876130024,0.8332540912386998,High Risk,5900.0,High,0
2378,0.0,9.0,1.0,0,0,0,0,2,0,0.7529743272767865,0.24702567272321352,Low Risk,2378.0,Low,1
3166,2064.0,104.0,0.0,1,1,0,0,2,0,0.17028729821459906,0.8297127017854009,High Risk,5230.0,High,0
3417,1750.0,186.0,1.0,1,1,0,0,2,1,0.8262163570066973,0.17378364299330273,Low Risk,5167.0,High,1
5116,1451.0,165.0,0.0,1,1,0,0,2,0,0.16064601012350713,0.8393539898764929,High Risk,6567.0,High,0
16666,0.0,275.0,1.0,1,1,0,0,2,1,0.8198340986329321,0.1801659013670679,Low Risk,16666.0,,1
6125,1625.0,187.0,1.0,1,1,1,0,1,0,0.8094533916897655,0.1905466083102345,Low Risk,7750.0,Very High,1
6406,0.0,150.0,1.0,1,1,0,0,1,0,0.849289583031194,0.15071041696880605,Low Risk,6406.0,High,1
3159,461.0,108.0,1.0,1,1,0,0,2,1,0.8529511916828628,0.14704880831713718,Low Risk,3620.0,Medium,1
3229,2739.0,110.0,1.0,1,0,0,0,2,1,0.7242561107476455,0.2757438892523545,Low Risk,5968.0,High,1
1782,2232.0,107.0,1.0,1,1,0,0,0,1,0.8450042325961905,0.1549957674038095,Low Risk,4014.0,Medium,1
6540,0.0,205.0,1.0,1,1,0,0,1,1,0.8369160544677591,0.16308394553224093,Low Risk,6540.0,High,1
1836,33837.0,90.0,1.0,1,0,0,0,2,0,0.3541378742389484,0.6458621257610516,High Risk,35673.0,,0
3166,0.0,36.0,1.0,0,1,0,0,1,1,0.8527104420450875,0.1472895579549125,Low Risk,3166.0,Medium,1
2787,1917.0,146.0,0.0,1,1,0,0,0,0,0.165351879813975,0.834648120186025,High Risk,4704.0,Medium,0
4283,3000.0,172.0,1.0,1,1,0,0,0,0,0.8247743193362752,0.1752256806637248,Low Risk,7283.0,High,1
2297,1522.0,104.0,1.0,1,1,0,0,2,1,0.8467121008997763,0.15328789910022367,Low Risk,3819.0,Medium,1
2165,0.0,70.0,1.0,0,0,1,0,1,1,0.7087433894596288,0.2912566105403712,Low Risk,2165.0,Low,1
2726,0.0,106.0,0.0,1,1,0,1,1,0,0.15283947301008538,0.8471605269899146,High Risk,2726.0,Medium,0
3000,3416.0,56.0,1.0,1,1,0,0,1,1,0.846714091711567,0.15328590828843303,Low Risk,6416.0,High,1
6000,0.0,205.0,1.0,1,1,0,1,1,0,0.8004491208821587,0.1995508791178413,Low Risk,6000.0,High,1
3859,3300.0,142.0,1.0,1,1,0,0,0,1,0.8297958441383413,0.1702041558616587,Low Risk,7159.0,High,1
16120,0.0,260.0,1.0,1,1,0,1,2,1,0.7848964823805257,0.21510351761947433,Low Risk,16120.0,,1
3833,0.0,110.0,1.0,1,0,1,0,0,1,0.7312437235083254,0.26875627649167455,Low Risk,3833.0,Medium,1
6383,1000.0,187.0,1.0,1,1,1,1,0,0,0.7769407467053269,0.22305925329467313,Low Risk,7383.0,High,1
2987,0.0,88.0,0.0,1,0,0,0,1,0,0.10835311920929766,0.8916468807907023,High Risk,2987.0,Medium,0
9963,0.0,180.0,1.0,1,1,0,1,0,1,0.8102590986019014,0.18974090139809863,Low Risk,9963.0,Very High,1
5780,0.0,192.0,1.0,1,1,0,0,2,1,0.8378048444677828,0.1621951555322172,Low Risk,5780.0,High,1
5703,0.0,128.0,1.0,1,1,0,0,2,1,0.8520771654272294,0.14792283457277056,Low Risk,5703.0,High,1
3676,4301.0,172.0,1.0,1,0,0,0,0,1,0.6920011696825016,0.3079988303174984,Medium Risk,7977.0,Very High,1
12000,0.0,496.0,1.0,0,1,0,0,1,1,0.7278577035637357,0.2721422964362643,Low Risk,12000.0,,1
3400,2500.0,173.0,1.0,1,1,0,0,1,1,0.825956013774495,0.174043986225505,Low Risk,5900.0,High,1
3987,1411.0,157.0,1.0,1,1,1,0,0,1,0.8205857048656205,0.17941429513437945,Low Risk,5398.0,High,1
3232,1950.0,108.0,1.0,1,1,0,0,0,1,0.8469270180488857,0.1530729819511143,Low Risk,5182.0,High,1
2900,0.0,71.0,1.0,0,0,0,0,0,1,0.738611371484045,0.261388628515955,Low Risk,2900.0,Medium,1
4106,0.0,40.0,1.0,1,1,0,0,0,1,0.8730344424995897,0.12696555750041028,Low Risk,4106.0,Medium,1
8072,240.0,253.0,1.0,1,1,0,0,2,1,0.8218244338979035,0.1781755661020965,Low Risk,8312.0,Very High,1
7583,0.0,187.0,1.0,1,1,0,0,2,1,0.8392892653970899,0.16071073460291008,Low Risk,7583.0,Very High,1
4583,0.0,133.0,0.0,0,0,0,1,1,0,0.06973076837491743,0.9302692316250826,High Risk,4583.0,Medium,0
